Name,Bevoelkerung,Kontinent
Afghanistan,37172386,Asia
Albania,2866376,Europe
Algeria,42228429,Africa
Andorra,77006,Europe
Angola,30809762,Africa
Anguilla,,America
Antigua_and_Barbuda,96286,America
Argentina,44494502,America
Armenia,2951776,Europe
Aruba,105845,America
Australia,24992369,Oceania
Austria,8847037,Europe
Azerbaijan,9942334,Europe
Bahamas,385640,America
Bahrain,1569439,Asia
Bangladesh,161356039,Asia
Barbados,286641,America
Belarus,9485386,Europe
Belgium,11422068,Europe
Belize,383071,America
Benin,11485048,Africa
Bermuda,63968,America
Bhutan,754394,Asia
Bolivia,11353142,America
"Bonaire, Saint Eustatius and Saba",,America
Bosnia_and_Herzegovina,3323929,Europe
Botswana,2254126,Africa
Brazil,209469333,America
British_Virgin_Islands,29802,America
Brunei_Darussalam,428962,Asia
Bulgaria,7024216,Europe
Burkina_Faso,19751535,Africa
Burundi,11175378,Africa
Cambodia,16249798,Asia
Cameroon,25216237,Africa
Canada,37058856,America
Cape_Verde,543767,Africa
Cases_on_an_international_conveyance_Japan,3000,Other
Cayman_Islands,64174,America
Central_African_Republic,4666377,Africa
Chad,15477751,Africa
Chile,18729160,America
China,1392730000,Asia
Colombia,49648685,America
Comoros,832322,Africa
Congo,5244363,Africa
Costa_Rica,4999441,America
Cote_dIvoire,25069229,Africa
Croatia,4089400,Europe
Cuba,11338138,America
Curaçao,159849,America
Cyprus,1189265,Europe
Czechia,10625695,Europe
Democratic_Republic_of_the_Congo,84068091,Africa
Denmark,5797446,Europe
Djibouti,958920,Africa
Dominica,71625,America
Dominican_Republic,10627165,America
Ecuador,17084357,America
Egypt,98423595,Africa
El_Salvador,6420744,America
Equatorial_Guinea,1308974,Africa
Eritrea,,Africa
Estonia,1320884,Europe
Eswatini,1367000,Africa
Ethiopia,109224559,Africa
Falkland_Islands_(Malvinas),,America
Faroe_Islands,48497,Europe
Fiji,883483,Oceania
Finland,5518050,Europe
France,66987244,Europe
French_Polynesia,277679,Oceania
Gabon,2119275,Africa
Gambia,2280102,Africa
Georgia,3731000,Europe
Germany,82927922,Europe
Ghana,29767108,Africa
Gibraltar,33718,Europe
Greece,10727668,Europe
Greenland,56025,America
Grenada,111454,America
Guam,165768,Oceania
Guatemala,17247807,America
Guernsey,63026,Europe
Guinea,12414318,Africa
Guinea_Bissau,1874309,Africa
Guyana,779004,America
Haiti,11123176,America
Holy_See,1000,Europe
Honduras,9587522,America
Hungary,9768785,Europe
Iceland,353574,Europe
India,1352617328,Asia
Indonesia,267663435,Asia
Iran,81800269,Asia
Iraq,38433600,Asia
Ireland,4853506,Europe
Isle_of_Man,84077,Europe
Israel,8883800,Asia
Italy,60431283,Europe
